name,url,username,password,note
accenture.wd103.myworkdayjobs.com,https://accenture.wd103.myworkdayjobs.com/AccentureCareers/login,juanjorestrepo@javerianacali.edu.co,Ju@njito124,
accenture.wd103.myworkdayjobs.com,https://accenture.wd103.myworkdayjobs.com/AccentureCareers/login,restrepojuanjo@gmail.com,Ju@njito124,
accenture.wd3.myworkdayjobs.com,https://accenture.wd3.myworkdayjobs.com/,restrepojuanjo@gmail.com,Ju@njito123,
account.battle.net,https://account.battle.net/,,Juanjito123,
account.formula1.com,https://account.formula1.com/,restrepojuanjo@gmail.com,Ju@njito124,
account.uipath.com,https://account.uipath.com/,juanjorestrepo@javerianacali.edu.co,Ju@njito124,
account.ycombinator.com,https://account.ycombinator.com/,juanjorestrepo,Ju@njito124,
accounts.autodesk.com,https://accounts.autodesk.com/,juanjorestrepo@javerianacali.edu.co,Juanjito124,
accounts.firefox.com,https://accounts.firefox.com/,restrepojuanjo@gmail.com,Ju@njito124,
accounts.google.com,https://accounts.google.com/,hagridputitas@gmail.com,Juanjito124,
accounts.google.com,https://accounts.google.com/,restrepojuanjo19@gmail.com,Juanjito124,
accounts.google.com,https://accounts.google.com/,restrepojuanjo@gmail.com,Bing0M@g0l0210108*,
accounts.google.com,https://accounts.google.com/,verguitaslleras@gmail.com,Juanjito123,
accounts.google.com,https://accounts.google.com/v3/signin/challenge/pwd,restrepojuanjo@gmail.com,Bing0M@g0l0210108*,
accounts.google.com,https://accounts.google.com/v3/signin/challenge/pwd,unidadjjrr@gmail.com,Juanjito123,
accounts.google.com,https://accounts.google.com/v3/signin/challenge/pwd,verguitaslleras@gmail.com,Juanjito123,
accounts.nike.com,https://accounts.nike.com/,restrepojuanjo@gmail.com,Juanjito123,
accounts.petal.org,https://accounts.petal.org/,Juan Restrepo,Juanjito123,
accountscenter.facebook.com,https://accountscenter.facebook.com/password_and_security/two_factor/,restrepojuanjo@gmail.com,Ju@njito124,
accountscenter.facebook.com,https://accountscenter.facebook.com/personal_info/contact_points/,borisalberto@live.com,albert5907,
acme-test.uipath.com,https://acme-test.uipath.com/,juanjorestrepo@javerianacali.edu.co,Ju@njito124,
acme-test.uipath.com,https://acme-test.uipath.com/,restrepojuanjo@gmail.com,Juanjito123,
api.twitter.com,https://api.twitter.com/,restrepojuanjo@gmail.com,Juanjtio123,
app.genoma.work,https://app.genoma.work/setpassword,,Ju@njito124,
app.later.com,https://app.later.com/user/signup/,restrepojuanjo@gmail.com,Ju@njito124,
app.n8n.cloud,https://app.n8n.cloud/register,juanjorestrepo,Ju@njito124,
app.perusall.com,https://app.perusall.com/,juanjorestrepo@javerianacali.edu.co,ROCKFORFOSGATE888,
appleid.apple.com,https://appleid.apple.com/account,unidadkrc@yahoo.es,BingoMagolo210108*,
auth.appsembler.com,https://auth.appsembler.com/,restrepojuanjo@gmail.com,Ju@njito124,
auth.cloud.getdbt.com,https://auth.cloud.getdbt.com/u/reset-password/change,juanjorestrepo@javerianacali.edu.co,Ju@njito124,
auth.later.com,https://auth.later.com/auth/realms/later-production/login-actions/authenticate,restrepojuanjo@gmail.com,Ju@njito124,
auth.netacad.com,https://auth.netacad.com/auth/realms/skillsforall/login-actions/required-action,juanjorestrepo@javerianacali.edu.co,BinguitoM@golo210108*,
auth.robotcache.com,https://auth.robotcache.com/,RestreNain,Ju@njito123,
auth.tesla.com,https://auth.tesla.com/,,Juanjito123,
authenticator.cursor.sh,https://authenticator.cursor.sh/password,juanjorestrepo@javerianacali.edu.co,Ju@njito124,
baxter.wd1.myworkdayjobs.com,https://baxter.wd1.myworkdayjobs.com/en-US/baxter/job/Cali-Valle-del-Cauca/Ingeniero-Junior-de-Validaciones_JR-178341-1/apply/useMyLastApplication,restrepojuanjo@gmail.com,Ju@njito123,
bioversityinternational.zohorecruit.eu,https://bioversityinternational.zohorecruit.eu/accounts/signin,restrepojuanjo@gmail.com,Ju@njito124,
bmwgroup.taleo.net,https://bmwgroup.taleo.net/,juanjorestrepo,Juanjito123,
brave://firefoxaccounts,chrome://firefoxaccounts/,387b010480aa4ef79e94285cc25423fe,"{""version"":1,""accountData"":{""scopedKeys"":{""https://identity.mozilla.com/apps/oldsync"":{""kid"":""1689896781086-rRp04kfwbZDD97oNP-3vmA"",""k"":""v2cK1BqLqiq-iVGPT3GAwgaCcCFNZ9h-wBt8ZMLs5mh94eeJh910t8xPcLACdSN29yC1ADpHrVux1UA8lSQFqw"",""kty"":""oct""}}}}",
candidato.co.computrabajo.com,https://candidato.co.computrabajo.com/step1,Restrepo Rosero,Juanjito124,
career.globant.com,https://career.globant.com/auth/login,restrepojuanjo@gmail.com,Ju@njito124,
career17.sapsf.com,https://career17.sapsf.com/,restrepojuanjo@gmail.com,Ju@njito124,
career17.sapsf.com,https://career17.sapsf.com/career,restrepojuanjo@gmail.com,Ju@njito124,
career19.sapsf.com,https://career19.sapsf.com/careers,restrepojuanjo@gmail.com,Ju@njito124,
career2.successfactors.eu,https://career2.successfactors.eu/career,restrepojuanjo@gmail.com,Ju@njito124,
career5.successfactors.eu,https://career5.successfactors.eu/,juanjorestrepo@javerianacali.edu.co,Juanjito123,
career5.successfactors.eu,https://career5.successfactors.eu/,restrepojuanjo@gmail.com,Ju@njito124,
career5.successfactors.eu,https://career5.successfactors.eu/,restrepojuanjo@gmail.com,Juanjito123,
career8.successfactors.com,https://career8.successfactors.com/,juanjorestrepo@javerianacali.edu.co,Ju@njito1234,
career8.successfactors.com,https://career8.successfactors.com/,restrepojuanjo@gmail.com,Juanjito123,
career8.successfactors.com,https://career8.successfactors.com/career,restrepojuanjo@gmail.com,Ju@njito124,
certiprof.com,https://certiprof.com/checkouts/cn/000949da51aa6232379c5e7260c7c037/thank_you,restrepojuanjo@gmail.com,Ju@njito124,
citasestudiante.servicios.javerianacali.edu.co,https://citasestudiante.servicios.javerianacali.edu.co/,juanjorestrepo,Binguito210108*,
cloud.ibm.com,https://cloud.ibm.com/,restrepojuanjo@gmail.com,Ju@njitoR3strepo124,
co.trabajosdiarios.com,https://co.trabajosdiarios.com/,juanjorestrepo@javerianacali.edu.co,Ju@njito123,
community.snowflake.com,https://community.snowflake.com/,restrepojuanjo@gmail.com,Ju@njito124,
connect.liblynx.com,https://connect.liblynx.com/startlogin/30847467-8fc401cff7246a24ac9feda34004d45c,juanjorestrepo@javerianacali.edu.co,Ju@njito124,
corporate.ef.com,https://corporate.ef.com/,restrepojuanjo@gmail.com,Juanjito123,
create.kahoot.it,https://create.kahoot.it/,restrepojuanjo@gmail.com,Binguito123,
customerconnect.vmware.com,https://customerconnect.vmware.com/login,verguitaslleras@gmail.com,Ju@njito124,
dash.parsec.app,https://dash.parsec.app/login/,restrepojuanjo@gmail.com,ROCKFORFOSG@TE888,
dashboard.emailjs.com,https://dashboard.emailjs.com/sign-up,restrepojuanjo@gmail.com,Ju@njito124,
diplomasyactas-https.servicios.javerianacali.edu.co,https://diplomasyactas-https.servicios.javerianacali.edu.co/mg-local/login,juanjorestrepo,Binguito210108*,
disney.wd5.myworkdayjobs.com,https://disney.wd5.myworkdayjobs.com/,restrepojuanjo@gmail.com,Ju@njito124,
equipamiento-https.servicios.javerianacali.edu.co,https://equipamiento-https.servicios.javerianacali.edu.co/,juanjorestrepo,Binguito210108*,
examenclasificacion.javerianacali.edu.co,https://examenclasificacion.javerianacali.edu.co/,juanjorestrepo,Binguito210108*,
footballia.eu,https://footballia.eu/,verguitaslleras@gmail.com,Juanjito124,
forum.plutonium.pw,https://forum.plutonium.pw/login,restrepojuanjo@gmail.com,Ju@njito124,
gcu.javerianacali.edu.co,https://gcu.javerianacali.edu.co/GestionCuentasUsuariosPUJ/cuenta/modificarContrasena/VALIDAR,juanjorestrepo,Binguito210108*,
gcu.javerianacali.edu.co,https://gcu.javerianacali.edu.co/GestionCuentasUsuariosPUJ/cuenta/recuperarContrasena/VALIDAR,qnbwSYHX,BingoM@golo124,
generalmotors.wd5.myworkdayjobs.com,https://generalmotors.wd5.myworkdayjobs.com/,restrepojuanjo@gmail.com,Ju@njito123,
github.com,https://github.com/,restrepojuanjo@gmail.com,Ju@njito124,
github.com,https://github.com/login,restrepojuanjo@gmail.com,Ju@njito124,
grabcad.com,https://grabcad.com/,restrepojuanjo@gmail.com,Juanjito123,
horarios.servicios.javerianacali.edu.co,https://horarios.servicios.javerianacali.edu.co/,juanjorestrepo,Binguito210108*,
http://localhost,http://localhost/login,juanjorestrepo@javerianacali.edu.co,omicas2025,
http://localhost:8080,http://localhost:8080/connection/add,qversity-admin,qversity-admin,
id.cisco.com,https://id.cisco.com/,juanjorestrepo@javerianacali.edu.co,BinguitoM@golo210108*,
id.sonyentertainmentnetwork.com,https://id.sonyentertainmentnetwork.com/signin/,restrepojuanjo@gmail.com,Juanjito124,
idaas.ets.org,https://idaas.ets.org/u/login,JuanjoRestrepo,Ju@njit0124,
idmsa.apple.com,https://idmsa.apple.com/appleauth/auth/authorize/signin,restrepojuanjo19@gmail.com,Binguito210108*,
idtalento.net,https://idtalento.net/UserCandidato/LoginCandidatos/aWRrZXl%2BMjY2MzI5/aWRrZXl%2BMA%3D%3D/aWRrZXl%2BMA%3D%3D,restrepojuanjo@gmail.com,Ju@njito124,
ieeexplore-ieee-org.bdbib.javerianacali.edu.co,https://ieeexplore-ieee-org.bdbib.javerianacali.edu.co/,juanjorestrepo,Binguito210108*,
javerianacali.my.site.com,https://javerianacali.my.site.com/FormularioALE/dp_LoginPage,1005872736,Ju@njito124,
javerianacali.my.site.com,https://javerianacali.my.site.com/InscripcionPosgrado/login,restrepojuanjo@gmail.com,Ju@njito124,
jj.wd5.myworkdayjobs.com,https://jj.wd5.myworkdayjobs.com/en-US/JJ/job/Bogot-Distrito-Capital-Colombia/Programa-de-Internship-2026---Bogot--Colombia--eic-_R-031342/apply/useMyLastApplication,restrepojuanjo@gmail.com,Ju@njito124,
jobs.lenovo.com,https://jobs.lenovo.com/en_US/careers/Register,restrepojuanjo@gmail.com,Ju@njito124,
jobs.rockwellautomation.com,https://jobs.rockwellautomation.com/profile/login/,juanjorestrepo@javerianacali.edu.co,Ju@njito124,
jobs.siemens.com,https://jobs.siemens.com/candidate/register,restrepojuanjo@gmail.com,Ju@njitoR3strepo123,
kimberlyclark.wd1.myworkdayjobs.com,https://kimberlyclark.wd1.myworkdayjobs.com/,restrepojuanjo@gmail.com,Ju@njito123,
krb-sjobs.brassring.com,https://krb-sjobs.brassring.com/,juanjorestrepo@javerianacali.edu.co,Ju@njitoR3strepoR0ser0,
krb-sjobs.brassring.com,https://krb-sjobs.brassring.com/TGnewUI/Search/home/HomeWithPreLoad,juanjorestrepo@javerianacali.edu.co,Ju@njitoR3strep0124,
login.ibm.com,https://login.ibm.com/,restrepojuanjo@gmail.com,Ju@njitoR3strepo124,
login.ibm.com,https://login.ibm.com/authsvc/mtfim/sps/authsvc,restrepojuanjo@gmail.com,Ju@njitoR3strepo1909,
login.live.com,https://login.live.com/,restrepojuanjo@gmail.com,Bing0210108*,
login.live.com,https://login.live.com/,restrepojuanjo@gmail.com,Juanjito123,
login.live.com,https://login.live.com/ppsecure/post.srf,restrepojuanjo@gmail.com,Bing0210108*,
login.live.com,https://login.live.com/ppsecure/post.srf,restrepojuanjo@gmail.com,Juanjito123,
login.magneto365.com,https://login.magneto365.com/,restrepojuanjo@gmail.com,Juanjito123,
login.mathworks.com,https://login.mathworks.com/embedded-login/v2/login.html,juanjorestrepo@javerianacali.edu.co,Binguito123,
login.sura.com,https://login.sura.com/,1005872736,0246,
login.sura.com,https://login.sura.com/sso/changepassword.aspx,34527635,1957,
login.sura.com,https://login.sura.com/sso/servicelogin.aspx,75072633,1973,
lumen.ni.com,https://lumen.ni.com/,juanjorestrepo@javerianacali.edu.co,Juanjito123,
matricula.servicios.javerianacali.edu.co,https://matricula.servicios.javerianacali.edu.co/,juanjorestrepo,Binguito210108*,Password 2025-1
matricula.servicios.javerianacali.edu.co,https://matricula.servicios.javerianacali.edu.co/Matricula/MatriculaJSP/index.jsp,juanjorestrepo,Binguito210108*,Password 2025-1
mg-local.servicios.javerianacali.edu.co,https://mg-local.servicios.javerianacali.edu.co/,juanjorestrepo,Binguito210108*,Password 2025-1
mg-local.servicios.javerianacali.edu.co,https://mg-local.servicios.javerianacali.edu.co/mg-local/auth_webtoken,juanjorestrepo,Binguito210108*,Password 2025-1
misaplicaciones.javerianacali.edu.co,https://misaplicaciones.javerianacali.edu.co/logon/LogonPoint/index.html,juanjorestrepo,Binguito210108*,
msd.wd5.myworkdayjobs.com,https://msd.wd5.myworkdayjobs.com/,juanjorestrepo@javerianacali.edu.co,Ju@njito124,
music.spotify.com,android://79xEc7TXh3cNp5rV9kci8i6AYyfPq8BmRomGIiNpLtXCAx3qy5RICnOQLbMJaQ1UNGV_N7sSK1dLpTmEZQ8csg==@com.spotify.music/,Juan José Restrepo,,
my.account.sony.com,https://my.account.sony.com/,restrepojuanjo@gmail.com,Ju@njit0R3strep0246,
na.account.amazon.com,https://na.account.amazon.com/,restrepojuanjo@gmail.com,"Ju""njito124",
na.account.amazon.com,https://na.account.amazon.com/,restrepojuanjo@gmail.com,Ju@njito124,
obsidian.md,https://obsidian.md/,restrepojuanjo@gmail.com,Juanjito123,
openrouter.ai,https://openrouter.ai/sign-up,nicholasquintero69@proton.me,Ju@njito124,
page.didiglobal.com,https://page.didiglobal.com/public-biz/pc-login/2.0.1/index.html,3166173202,Ju@njito124,
parsec.app,https://parsec.app/,restrepojuanjo@gmail.com,ROCKFORFOSG@TE888,
passport.amazon.jobs,https://passport.amazon.jobs/,restrepojuanjo@gmail.com,Ju@njito123,
peoplesoft-svrhrps4-estu.servicios.javerianacali.edu.co,https://peoplesoft-svrhrps4-estu.servicios.javerianacali.edu.co/,juanjorestrepo,Binguito210108*,
phe.tbe.taleo.net,https://phe.tbe.taleo.net/,juanjorestrepo@javerianacali.edu.co,Juanjito123,
pinterest.com,android://kCyQDzpaoAX2gs-1zdGPKNAeICb8LzRFOxa4NCq0jO8c8d_NFS_q-Y35bU3Nq3GmFV2lLurmNvIZa6YPYZwmWg==@com.pinterest/,restrepojuanjo@gmail.com,,
portal.campbellproperty.com,https://portal.campbellproperty.com/login,borisalberto@live.com,Chelam@5907,
profile.oracle.com,https://profile.oracle.com/myprofile/account/create-account.jspx,juanjorestrepo@javerianacali.edu.co,Ju@njito124,
rappi.wd12.myworkdayjobs.com,https://rappi.wd12.myworkdayjobs.com/es/Rappi_jobs/login,restrepojuanjo@gmail.com,Ju@njito124,
recruiting.bmwgroup.com,https://recruiting.bmwgroup.com/,juanjorestrepo,Juanjito123,
recruiting.ultipro.com,https://recruiting.ultipro.com/,Restrepo Rosero,Ju@njito123,
redbulltechnology.wd3.myworkdayjobs.com,https://redbulltechnology.wd3.myworkdayjobs.com/,juanjorestrepo@javerianacali.edu.co,Ju@njito124,
redbulltechnology.wd3.myworkdayjobs.com,https://redbulltechnology.wd3.myworkdayjobs.com/en-US/RB_Racing/login,juanjorestrepo@javerianacali.edu.co,Ju@njito124,
renov-icetex-estudiante-https.servicios.javerianacali.edu.co,https://renov-icetex-estudiante-https.servicios.javerianacali.edu.co/,juanjorestrepo,Binguito210108*,
reportes.escuelavirtualese.com,https://reportes.escuelavirtualese.com/,1005872736,1005872736,
rockwellautomation.wd1.myworkdayjobs.com,https://rockwellautomation.wd1.myworkdayjobs.com/,juanjorestrepo@javerianacali.edu.co,Ju@njito124,
rockwellautomation.wd1.myworkdayjobs.com,https://rockwellautomation.wd1.myworkdayjobs.com/External_Rockwell_Automation/login,juanjorestrepo@javerianacali.edu.co,Ju@njito124,
rockwellautomation.wd1.myworkdayjobs.com,https://rockwellautomation.wd1.myworkdayjobs.com/en-US/External_Rockwell_Automation/job/Medellin%2C-Antioquia%2C-Colombia/Intern-Developer_R25-7515/apply/autofillWithResume,restrepojuanjo@gmail.com,Ju@njito124,
rpubs.com,https://rpubs.com/,restrepojuanjo@gmail.com,Ju@njito124,
rpubs.com,https://rpubs.com/cehurtados/1163119,restrepojuanjo1909,Ju@njito124,
rpubs.com,https://rpubs.com/users/new,Juan José Restrepo Rosero,Ju@njito124,
samsung.android.degoo.com,android://qFwN7aNbEecDU2_1CgjUwxqvaVnp0tL7C-d7RVabCCMjHBH14KE_Rn1wG_0S0slnRU5Mcz6NBcr-21lEsJTtLA==@com.degoo.android.samsung/,restrepojuanjo@gmail.com,,
signin.costco.com,https://signin.costco.com/e0714dd4-784d-46d6-a278-3e29553483eb/B2C_1A_SSO_WCS_signup_signin_45/api/CombinedSigninAndSignup/unified,restrepojuanjo@gmail.com,Ju@njito124,
signin.ea.com,https://signin.ea.com/,,Binguito123,
signin.youscience.com,https://signin.youscience.com/,juanjorestrepo@javerianacali.edu.co,Ju@njito124,
signon.oracle.com,https://signon.oracle.com/signin,juanjorestrepo@javerianacali.edu.co,Ju@njito124,
sistemadepracticas2023.servicios.javerianacali.edu.co,https://sistemadepracticas2023.servicios.javerianacali.edu.co/,juanjorestrepo,Binguito210108*,Password 2025-1
sistemadepracticas2023.servicios.javerianacali.edu.co,https://sistemadepracticas2023.servicios.javerianacali.edu.co/mg-local/auth_webtoken,juanjorestrepo,Binguito210108*,Password 2025-1
sistemapracticas-https.servicios.javerianacali.edu.co,https://sistemapracticas-https.servicios.javerianacali.edu.co/,juanjorestrepo,Binguito210108*,
site3.q10.com,https://site3.q10.com/login,1005872736,Ju@njito124,
spookchatx.com,https://spookchatx.com/l/25/snapcheatv2/3-w2m/global/,verguitaslleras@gmail.com,Rockforgate123,
sso.santanderopenacademy.com,https://sso.santanderopenacademy.com/auth/realms/Becas/login-actions/first-broker-login,restrepojuanjo@gmail.com,Ju@njito124,
state.okta.com,https://state.okta.com/,,BingoM@goloR3strepo210108,
state.okta.com,https://state.okta.com/,restrepojuanjo@gmail.com,BinguitoM@goloR3strepo210108,
state.okta.com,https://state.okta.com/,what is the to,Angry Birds,
steamcommunity.com,https://steamcommunity.com/,rrorrito1,Juanjito123,
store.codesys.com,https://store.codesys.com/,juanjorestrepo@javerianacali.edu.co,Juanjito123,
store.steampowered.com,https://store.steampowered.com/,rrorrito1,Juanjito123,
talent.siemens.com,https://talent.siemens.com/,restrepojuanjo@gmail.com,Ju@njito123,
talentcentral.us.shl.com,https://talentcentral.us.shl.com/player/workflow/start,restrepojuanjo@gmail.com,Ju@njito124,
taskus.wd1.myworkdayjobs.com,https://taskus.wd1.myworkdayjobs.com/Careers/job/Colombia---Remote/QA-Engineering-Analyst_R_2511_15276/apply/autofillWithResume,restrepojuanjo@gmail.com,Ju@njito124,
techlandgg.com,https://techlandgg.com/,restrepojuanjo@gmail.com,Juanjito123,
tinder.com,android://rlT6tHscwoe3ms_wAXDFCSUhezBskzYcbI-R6f3Ll8NXiQ_w3G2n2774hvp91f7sYOedeQ8-RvYjaNUz9lpsmg==@com.tinder/,restrepojuanjo@gmail.com,,
tomopt.com,https://tomopt.com/scripts/register.php,verguillaslleras@gmail.com,Juanjito123,
us.battle.net,https://us.battle.net/,restrepojuanjo@gmail.com,Juanjito123,
v2.ereg.ets.org,https://v2.ereg.ets.org/,JuanjoRestrepo,Ju@njit0124,
valora.servicios.javerianacali.edu.co,https://valora.servicios.javerianacali.edu.co/,juanjorestrepo,Binguito210108*,
vwgoa.taleo.net,https://vwgoa.taleo.net/,juanjorestrepo,Juanjito123,
waverly-apartmentliving.securecafe.com,https://waverly-apartmentliving.securecafe.com/residentservices/waverly1/userlogin.aspx,borisalberto@live.com,Chelam@5907,
wildlabs.net,https://wildlabs.net/user/18109/edit,juanjorestrepo@javerianacali.edu.co,Ju@njito124,
windsurf.com,https://windsurf.com/editor/signup,nicholasquintero69@proton.me,Ju@njito124,
www.amazon.com,https://www.amazon.com/,restrepojuanjo@gmail.com,"Ju""njito124",
www.amazon.com,https://www.amazon.com/,restrepojuanjo@gmail.com,Ju@njito124,
www.amazonuniversity.jobs,https://www.amazonuniversity.jobs/,restrepojuanjo@gmail.com,Juanjito123,
www.cambridgelms.org,https://www.cambridgelms.org/,deisysuta,deisysuta8,
www.coursera.org,https://www.coursera.org/programs/analisis-de-datos-9-cyvt1,restrepojuanjo@gmail.com,Juanjito123,
www.datacamp.com,https://www.datacamp.com/users/sign_in,juanjorestrepo@javerianacali.edu.co,Ju@njito124,
www.datacamp.com,https://www.datacamp.com/users/sign_up,juanjorestrepo@javerianacali.edu.co,Ju@njito124,
www.elempleo.com,https://www.elempleo.com/co/crear-cuenta-site,restrepojuanjo@gmail.com,Ju@njito124,
www.elempleo.com,https://www.elempleo.com/co/iniciar-sesion,restrepojuanjo@gmail.com,Ju@njito124,
www.escuelavirtualese.com,https://www.escuelavirtualese.com/,1005872736,1005872736,
www.facebook.com,https://www.facebook.com/,borisalberto@live.com,albert5907,
www.facebook.com,https://www.facebook.com/,restrepojuanjo@gmail.com,Ju@njito124,
www.ibm.com,https://www.ibm.com/account/reg/us-en/new-password,restrepojuanjo@gmail.com,Ju@njitoR3strepo124,
www.ibm.com,https://www.ibm.com/account/reg/us-en/new-password,restrepojuanjo@gmail.com,Ju@njitoR3strepo1909,
www.icetex.gov.co,https://www.icetex.gov.co/,restrepojuanjo@gmail.com,Ju@njito124,
www.icetex.gov.co,https://www.icetex.gov.co/portalacces/tradicional/estado/autenticacionweb/login.aspx,restrepojuanjo@gmail.com,Ju@njito124,
www.instagram.com,https://www.instagram.com/,restrepojuanjo@gmail.com,Ju@njito124,
www.libretamilitar.mil.co,https://www.libretamilitar.mil.co/,restrepojuanjo@gmail.com,Juanjito124,
www.libretamilitar.mil.co,https://www.libretamilitar.mil.co//Modules/Account/PasswordReset.aspx,,Ju@njito124,
www.libretamilitar.mil.co,https://www.libretamilitar.mil.co//Modules/Account/PasswordReset.aspx,restrepojuanjo@gmail.com,Juanjito124,
www.linkedin.com,https://www.linkedin.com/,restrepojuanjo@gmail.com,Juanjito123,
www.linkedin.com,https://www.linkedin.com/checkpoint/lg/login-submit,restrepojuanjo@gmail.com,Juanjito123,
www.linkedin.com,https://www.linkedin.com/home,borisalberto@live.com,juan2502,
www.notion.so,https://www.notion.so/My-Student-Hub-2025-1c3b66873ca88032a197e662b25d1504,restrepojuanjo@gmail.com,Juanjito123,
www.overleaf.com,https://www.overleaf.com/,juanjorestrepo@javerianacali.edu.co,Ju@njito123,
www.overleaf.com,https://www.overleaf.com/login,juanjorestrepo@javerianacali.edu.co,Ju@njito123,
www.researchgate.net,https://www.researchgate.net/,juanjorestrepo@javerianacali.edu.co,Binguito123,
www.rpubs.com,https://www.rpubs.com/,restrepojuanjo1909,Ju@njito124,
www.rpubs.com,https://www.rpubs.com/users/new,Juan José Restrepo Rosero,Ju@njito124,
www.twitch.tv,https://www.twitch.tv/,RestreNain,Juanjito123,
www.vhsgame.com,https://www.vhsgame.com/,,Juanjito123,
www2.icfesinteractivo.gov.co,https://www2.icfesinteractivo.gov.co/,juanjorestrepo@javerianacali.edu.co,Juanjito123,
www2.javerianacali.edu.co,https://www2.javerianacali.edu.co/,juanjorestrepo,Binguito210108*,
zoom.us,https://zoom.us/signin,juanjorestrepo@javerianacali.edu.co,Binguito124,
